"","log2FoldChange","padj"
"FBgn0053217",-0.580103839823499,0.00223392947250886
"FBgn0004034",0.642144032991341,0.0044873358798333
"FBgn0023534",0.856543343894786,0.00316628906892541
"FBgn0040370",0.67773326099854,0.00138692773149852
"FBgn0025642",1.70864784348444,1.73265285014827e-15
"FBgn0025641",0.77845755897731,0.00186475154598937
"FBgn0023507",-0.587192168007329,5.29899328112949e-05
"FBgn0000810",0.642592670539751,0.000156531871587686
"FBgn0040392",-0.890603742666789,0.000415957678848549
"FBgn0013432",0.665940612631594,0.00398457354936563
"FBgn0040388",-1.23399409486312,3.04691191399324e-18
"FBgn0003068",0.772193210323971,2.43667395102158e-06
"FBgn0029658",0.978105616876711,0.00104513319848395
"FBgn0029663",1.0495947254236,3.51712399256766e-06
"FBgn0029702",1.43561132855299,0.00183533910398965
"FBgn0029705",-1.63534798545575,0.00589188030949258
"FBgn0022768",-0.786850638232853,2.7008841418353e-10
"FBgn0029819",1.3587889300263,2.97965229960337e-08
"FBgn0052755",0.932371044935262,0.00279229750119463
"FBgn0029838",1.11203002166804,0.000122232809060937
"FBgn0000442",-2.08151352057447,2.34979433987502e-23
"FBgn0002931",-1.00992876574642,8.95311173483489e-21
"FBgn0036993",-1.05747960739333,2.86715602578262e-16
"FBgn0036984",1.05112726171893,1.37366472182571e-05
"FBgn0053056",0.957742419555815,2.16174360119047e-06
"FBgn0037071",0.874903859487808,1.04412258584131e-09
"FBgn0052436",1.11627581991716,6.59531508269882e-05
"FBgn0052440",2.8670834815081,4.47768677125131e-12
"FBgn0037098",0.628608649210298,4.78449995543287e-07
"FBgn0037082",0.627519376065359,2.64373415089401e-05
"FBgn0037076",0.724356943048648,1.17250307682316e-05
"FBgn0037063",0.606598490682804,0.000125157533281805
"FBgn0052446",0.992000337592648,1.32359466876762e-05
"FBgn0000560",-2.11929283338698,2.60439559947474e-08
"FBgn0022936",0.789163543998569,8.44196133401384e-14
"FBgn0037126",-1.88507623938771,1.464715121662e-13
"FBgn0037120",0.746791521463433,0.000151006970500946
"FBgn0037144",-0.831258227995312,2.99412988303242e-13
"FBgn0037146",-2.15777522120127,0.000709260364501698
"FBgn0000045",-2.30269288156348,1.45376357345883e-06
"FBgn0037151",0.849595480937791,2.23839839951707e-10
"FBgn0037150",0.706901354014254,3.61010644865554e-07
"FBgn0037141",0.588742503608903,0.000134742416139993
"FBgn0052449",-1.20038812901248,0.000160976845611732
"FBgn0037166",-1.17714525067411,0.00252519691162259
"FBgn0037163",-2.17624803607029,6.51344079707382e-13
"FBgn0037156",0.617071805715888,0.000473149944743065
"FBgn0053169",0.826610158342601,0.000138362731663375
"FBgn0037200",0.821399133610305,0.00514636934636307
"FBgn0037202",0.932875528149056,0.00206308799900163
"FBgn0010348",0.808059888529838,1.79707753946162e-16
"FBgn0037199",0.639510611885147,1.55375004296394e-05
"FBgn0046878",-3.1014804126534,0.00190328843914586
"FBgn0010051",-1.09717802488026,2.78253660580372e-31
"FBgn0051549",0.652713296718783,9.46877289671158e-05
"FBgn0004878",-1.66248436416961,1.1453542052383e-14
"FBgn0010399",-1.43020981811072,0.00142210615934315
"FBgn0040466",-1.4094855490263,0.000755683914300171
"FBgn0016076",-0.970920887455873,6.95252346016544e-26
"FBgn0031734",-1.60610461227688,2.51446849759525e-07
"FBgn0051642",1.03543209918315,2.88417604040954e-05
"FBgn0031805",-1.86817466677927,9.17754162344889e-82
"FBgn0043854",-1.73166165483879,1.79172640003027e-14
"FBgn0031816",-0.674802202037608,1.79846642833843e-11
"FBgn0031814",-0.689190817631654,2.59049935278262e-05
"FBgn0031887",-0.774189611402063,1.36743332608295e-05
"FBgn0031914",-1.02563193163578,2.86523091349084e-23
"FBgn0031948",-0.691234506498979,5.271537181826e-09
"FBgn0031937",-1.14916103649685,1.49405621055312e-14
"FBgn0031974",-1.08665330775432,2.41708690526633e-16
"FBgn0031996",0.934643058844889,2.32279940520777e-06
"FBgn0031997",0.868309893249716,1.14733124670683e-05
"FBgn0015299",0.785080927577369,2.44705142218802e-05
"FBgn0032002",1.04297128578912,5.36016684505647e-05
"FBgn0032025",-1.04791810978039,9.65801502832882e-06
"FBgn0032000",0.829637936228492,1.64500389759043e-05
"FBgn0003607",0.680671330041003,2.15976075182756e-06
"FBgn0051896",-0.685362865869503,4.71464493114953e-07
"FBgn0028394",-0.940302864999186,2.17914066016106e-17
"FBgn0011259",-1.68276651582046,9.8398600164972e-28
"FBgn0051892",-0.733801891002212,1.09530662969354e-10
"FBgn0001114",-1.80311923076702,9.56833010262957e-47
"FBgn0029123",-1.05443545336673,1.85882687458667e-35
"FBgn0032074",-1.29738556916304,0.00854360572750861
"FBgn0026439",1.37297354980235,2.19458294921801e-22
"FBgn0051885",-0.586981581344672,0.000574317446975599
"FBgn0032140",-0.812634840118967,1.61818271757214e-16
"FBgn0028704",-1.37026832322493,1.52874068265363e-05
"FBgn0000180",1.02918801215661,0.00125802376340834
"FBgn0032178",0.805833705615781,3.00128937966477e-09
"FBgn0003751",0.949545701150572,1.26710248734828e-05
"FBgn0032264",-1.05356477516109,6.69834571367267e-25
"FBgn0032362",-1.19855482517277,6.28509777536756e-10
"FBgn0032381",-5.57752355316332,5.90608667043668e-20
"FBgn0032382",-3.07818227615081,3.47191954888038e-14
"FBgn0003935",-0.953040757222037,1.31228496977854e-06
"FBgn0012037",0.951283937599204,1.27389045695407e-05
"FBgn0028909",-0.616410057157348,1.00653094664797e-05
"FBgn0011865",-0.762688467222568,0.000278939957929453
"FBgn0011863",-0.993835337926205,0.000530583294209109
"FBgn0028863",-5.2948512909617,5.35250644663568e-30
"FBgn0041183",-0.766819731508499,0.00682047674451107
"FBgn0020416",-1.77522634990925,2.82281535527063e-39
"FBgn0020415",-0.753748267954267,2.28182506739341e-12
"FBgn0028523",-0.802402284196163,3.20648635263474e-10
"FBgn0032603",-2.23268850993828,0.00242607456398369
"FBgn0040260",-1.50167134527537,2.86361886945443e-09
"FBgn0032613",-0.699699145436092,0.000114269874089864
"FBgn0032629",-2.2715072990938,2.80871903105993e-63
"FBgn0032638",-1.38988460120694,2.70332773331823e-05
"FBgn0032692",1.58818947891606,0.00029097667411449
"FBgn0032681",0.602874498892995,2.15980507725873e-06
"FBgn0032715",-0.773216689568618,0.000601768125392589
"FBgn0032820",-0.800472189938066,7.76531356294783e-08
"FBgn0032895",1.75730628210375,2.82217817858703e-06
"FBgn0032946",-2.03017764653356,1.25436124532848e-15
"FBgn0051491",-0.702912800219501,8.77476842492815e-05
"FBgn0000003",-0.871160911513442,7.07506307869994e-06
"FBgn0011904",-2.25729633481909,0.000115795467496858
"FBgn0037519",-1.73005438877299,2.28612869950861e-08
"FBgn0037546",-1.00401463378831,0.00011849309730443
"FBgn0037548",-1.47617224605059,1.59587214084446e-27
"FBgn0012024",-0.588762826106057,5.90256479054787e-08
"FBgn0012025",-0.621498954075002,3.34471370319777e-09
"FBgn0012026",-0.993660371191713,4.83938382425991e-18
"FBgn0012027",-0.613585256196252,3.13156768838669e-08
"FBgn0012028",-0.740573786209206,1.67835132158532e-10
"FBgn0010222",-0.874302562279861,2.54011573255864e-12
"FBgn0000723",-0.817209488537153,1.67366519670075e-06
"FBgn0037676",1.65772138473833,0.00938475740629428
"FBgn0037723",-0.672118008280851,1.0587041231473e-06
"FBgn0037753",1.50960005165527,3.05630117199892e-05
"FBgn0037754",2.0391603627575,2.76582752478501e-25
"FBgn0002868",1.74501760485522,4.45584152063468e-29
"FBgn0037831",-0.678216212226084,6.89658587916739e-05
"FBgn0042094",-0.894996189022728,1.03536274514027e-06
"FBgn0026315",-0.902581397223211,8.3504603936976e-10
"FBgn0040251",-1.4075322579224,6.89197577833528e-05
"FBgn0040256",-1.53022416083896,1.42595716346232e-27
"FBgn0037906",-0.788000824207235,0.00428731423578712
"FBgn0037939",-1.41761942184237,0.00248744818618623
"FBgn0042110",-1.78188046671708,3.24424461204651e-42
"FBgn0037936",-0.981745415393582,4.43027056174582e-08
"FBgn0037921",-0.759107493992035,5.93931252910345e-06
"FBgn0013276",-0.614657315715604,3.28735235218855e-06
"FBgn0037975",-0.971988159812971,2.71521970600424e-09
"FBgn0037973",-0.792806947424433,2.82217817858703e-06
"FBgn0037972",-1.01187864111085,0.00870749965738005
"FBgn0037960",-0.706504966513849,3.05789009510488e-12
"FBgn0037989",-1.38308292417643,0.0001239149513342
"FBgn0051356",-0.758160043160727,0.00651735436611976
"FBgn0010039",-0.594408422768829,1.45708383501414e-09
"FBgn0010041",-0.701706339051896,0.00655739777753349
"FBgn0038037",-0.937877651850987,5.53703218175537e-09
"FBgn0038034",-0.700041431511417,4.61382567507658e-15
"FBgn0038053",-0.64935489367478,6.31933960203413e-09
"FBgn0038054",-1.16978156144211,0.000296810844937415
"FBgn0001296",-0.941294489250786,5.40294582598702e-05
"FBgn0038108",-0.640005461632423,1.20287576902323e-12
"FBgn0038113",-0.754438986122295,2.89174951904139e-07
"FBgn0038114",-0.765454527822449,0.00123111687964478
"FBgn0004666",-2.08029868563849,7.30939895134699e-10
"FBgn0038115",-1.06389371244225,7.69460760553042e-19
"FBgn0038105",-0.982530405838341,5.79081325840742e-18
"FBgn0038098",-0.860790097665449,3.47964387478768e-06
"FBgn0038148",-2.56354860710326,3.54347399576585e-14
"FBgn0038149",-1.64385791605917,3.48363330113391e-48
"FBgn0038143",-1.25971363214527,2.95585523579146e-13
"FBgn0000024",-0.868604268729914,2.23963535114231e-08
"FBgn0051337",-1.55430693458611,0.0060688548899432
"FBgn0011971",-0.711319508052816,0.00792673094273894
"FBgn0038243",-1.23374224561588,0.00213639896678637
"FBgn0038237",-0.838536730959501,3.467101408762e-14
"FBgn0038260",-0.68373264075435,1.37181260134043e-07
"FBgn0038261",-1.9667111871723,2.97070626797568e-05
"FBgn0038262",-2.11217603686178,1.08468411251524e-23
"FBgn0038337",-0.913401496115473,0.000153462744577815
"FBgn0038330",1.43061849470015,0.000266839559964923
"FBgn0038299",1.06502197399767,1.10110875886564e-07
"FBgn0038349",-1.05263208523037,1.12039047659533e-13
"FBgn0012011",-0.800045656503631,0.00770649543360596
"FBgn0038414",-1.44739892199189,3.96789369551922e-07
"FBgn0038415",-1.57161662940027,1.29251889090146e-06
"FBgn0038416",-1.11141932254824,4.48721910778478e-05
"FBgn0040271",-0.657725998195961,4.08657533094894e-08
"FBgn0051279",-0.727087875951527,0.00152474020244888
"FBgn0051282",-0.818122823597868,7.58154644894705e-07
"FBgn0011945",-1.05213952260321,1.35980141136489e-06
"FBgn0051579",-0.633712275065435,0.00257332988818307
"FBgn0051577",-0.644344370436355,0.00901426337658329
"FBgn0011944",-0.651340515805442,0.000637074478473102
"FBgn0038626",-1.65862980764398,0.00204835142676485
"FBgn0038679",0.599776647557174,0.00278315523938313
"FBgn0010768",-0.646470039088998,4.66480669143411e-10
"FBgn0013995",-1.98552682570141,3.09822528399284e-37
"FBgn0038846",-2.43797962364599,8.04063015838407e-73
"FBgn0038975",1.94886555035696,5.37541088121481e-36
"FBgn0053107",0.617175049551735,0.00315414450457208
"FBgn0039098",-0.639662808609701,0.00824335207864878
"FBgn0039106",1.6254559623814,0.000248959801713316
"FBgn0039107",1.66729992509389,4.69824364246558e-12
"FBgn0002922",0.977928403372991,4.38290022860634e-18
"FBgn0051140",0.972017091906727,9.68869473508899e-05
"FBgn0051451",1.17604994673198,0.0001239149513342
"FBgn0039210",-1.09397427623413,5.76973139545962e-10
"FBgn0039241",-1.07376095642093,0.00579031820860516
"FBgn0039321",-1.63927075392471,2.15836695925909e-42
"FBgn0022800",-1.15703780062297,0.000746271395013022
"FBgn0027865",0.580141861800927,0.00051444459689226
"FBgn0002732",1.12138003894792,0.00145565849880684
"FBgn0028833",0.670130448971397,1.12955292763877e-09
"FBgn0039463",1.08640468958207,6.5885543721777e-07
"FBgn0039464",0.622709207927183,1.41971747269898e-10
"FBgn0004197",-1.43510150456676,1.01321735864529e-31
"FBgn0039525",1.04379438895928,3.06601612595844e-05
"FBgn0003890",-1.51025212439569,3.13089198212121e-17
"FBgn0002865",-5.62785621847467,3.59440007721652e-15
"FBgn0004171",-5.48375488297851,1.89352939481428e-09
"FBgn0039576",-6.86532780846558,0.000110985347243474
"FBgn0039577",-5.67085524870774,1.75171212119663e-05
"FBgn0051051",0.845746215725597,0.00364723196676284
"FBgn0039640",1.15388053715633,1.22830008112955e-19
"FBgn0051445",-0.713696144959368,2.19688971062976e-08
"FBgn0013972",0.781431042434899,0.00123820033004065
"FBgn0039682",0.937039526092574,0.00131772016862629
"FBgn0039696",0.847665436649003,3.93253859492029e-09
"FBgn0039747",1.88398119763028,0.00205447618195664
"FBgn0051383",-0.728229811402055,0.000970259877023569
"FBgn0051017",-0.809044358563918,0.00401123608675012
"FBgn0051371",1.72183297794335,2.48275844750123e-06
"FBgn0039844",-0.743175591987131,6.27785316660637e-15
"FBgn0051204",-2.09983658124543,1.83846680307356e-06
"FBgn0039881",0.932986989865132,0.000143204474658036
"FBgn0039883",0.934029609485831,0.00438115320863557
"FBgn0051601",-1.71643509117673,0.000171833120649063
"FBgn0032981",-2.41259084629146,2.73649049930951e-54
"FBgn0011956",0.609808606263702,0.0053426765104486
"FBgn0011935",-2.38451035231342,1.95720661029736e-26
"FBgn0033033",0.92721201269968,2.83230346605058e-17
"FBgn0033112",-1.28401003473573,2.96850821647558e-06
"FBgn0028622",-0.742979083366323,0.00125802376340834
"FBgn0050215",-1.75455340316083,0.00021075553760952
"FBgn0034439",-2.3591468043565,3.27964900980232e-09
"FBgn0034440",-1.53164275480858,0.000707017422390229
"FBgn0050326",-0.789534875259767,3.21872441679045e-05
"FBgn0050229",-0.856668089264312,0.00586682832500461
"FBgn0063497",-0.595356807253543,5.33086815814701e-06
"FBgn0063494",-0.604852262240989,6.28140541880899e-06
"FBgn0015522",-0.700676162792964,1.9380101175315e-07
"FBgn0034255",-2.77505362155666,1.31396553633448e-23
"FBgn0004400",-2.47222748627483,2.22449939293261e-05
"FBgn0024196",0.606157596607997,0.000188278884104393
"FBgn0050103",2.93849858906385,0.000415957678848549
"FBgn0034219",0.692941023540202,0.00405558103770454
"FBgn0029879",0.618609239761807,0.00062203698076538
"FBgn0028360",0.58165888280858,1.47089766793516e-05
"FBgn0029896",0.85093921867281,4.75257650648473e-15
"FBgn0029892",0.664545363790007,0.00568163314858098
"FBgn0029885",0.617781470264687,0.00377333946604849
"FBgn0029914",0.749229916665527,0.000279566626605557
"FBgn0029924",0.864999384273281,0.000117149853510468
"FBgn0029932",1.00213159195059,0.000222232911689183
"FBgn0029936",0.749162875621034,0.00145390437660017
"FBgn0004646",0.893286018729474,0.000401566580412043
"FBgn0029925",0.868523528135649,0.000419876443334116
"FBgn0029915",0.80887530574375,1.99875811182252e-05
"FBgn0029939",0.649942610280251,0.000399334707870428
"FBgn0003447",-1.30172893861451,4.96075699851844e-33
"FBgn0030066",-0.623544986951432,0.00536789717612606
"FBgn0030077",-0.850121116330313,7.73644748158981e-12
"FBgn0030189",0.847385252514084,7.32371891470262e-06
"FBgn0030230",1.17810133028868,8.81198670829709e-11
"FBgn0027073",1.00018103965318,8.5159287938386e-06
"FBgn0034647",-0.677986423330718,2.68444205983375e-14
"FBgn0034636",0.587725715596516,0.00678518198865774
"FBgn0029147",1.10798610273483,1.62466509358338e-07
"FBgn0034706",0.795078673301728,3.95068175439707e-07
"FBgn0034186",0.737426466876514,1.3023778634779e-10
"FBgn0011260",1.26432986058736,0.000108543938811747
"FBgn0034135",-0.989961499578796,6.77267245811417e-05
"FBgn0034145",-1.45992170290265,0.00399000521973895
"FBgn0050463",-0.745091254688941,2.29408504593205e-05
"FBgn0024315",-0.791097089692607,0.00295758715638408
"FBgn0034142",-0.638435968919421,5.28010082551116e-05
"FBgn0050090",-1.18020605783653,9.63512786680087e-11
"FBgn0023441",1.1104483852906,0.000868079487470777
"FBgn0034011",-1.47046961541095,0.00992138929763662
"FBgn0034010",-0.99602025749835,0.000316188399610375
"FBgn0033955",-2.56353331326808,2.92613617412746e-05
"FBgn0033970",-2.49977281884531,0.00013204865629165
"FBgn0033949",-1.79153955245009,4.3957816869315e-05
"FBgn0010397",-1.53276990139921,1.38169037120383e-21
"FBgn0033900",0.687301738397348,0.000149095007741099
"FBgn0040752",-0.606984854898577,2.52760746308584e-06
"FBgn0013733",-0.672266930647517,7.47457502800915e-15
"FBgn0000633",-3.0214292702676,1.4243682176349e-97
"FBgn0033875",-0.797449607120763,1.15677792193571e-05
"FBgn0011896",-0.636760353571801,0.000371452222722275
"FBgn0033830",2.44190194179304,0.00267995151799415
"FBgn0004512",0.611272190610905,2.5302405718727e-05
"FBgn0003326",-1.41128072722006,2.71096371558675e-05
"FBgn0050046",-0.595136577896294,3.61321916695942e-07
"FBgn0011877",-0.684654231609,0.000527553835926254
"FBgn0033748",-4.00412233373327,4.63822002436231e-19
"FBgn0033668",0.84515277017233,0.00015305222364922
"FBgn0033669",0.716382980615173,9.48697706299043e-07
"FBgn0033645",-3.39283709072547,2.03664583413478e-12
"FBgn0033635",-0.724221148275312,0.0015935375065621
"FBgn0011987",-0.67102638582623,0.00255038880864197
"FBgn0033518",-1.66534679264865,8.93643870554767e-29
"FBgn0053474",-2.45634030180559,7.2035608474145e-06
"FBgn0033519",-1.91189156870722,5.41468688206231e-07
"FBgn0033490",0.756090390270808,2.08967561620003e-06
"FBgn0040773",0.617642147569058,0.000275039320994903
"FBgn0003071",0.818718226071218,4.39252135101759e-09
"FBgn0033437",0.711514881135,0.00226904952513205
"FBgn0024189",-2.72461566220261,1.80773432105242e-50
"FBgn0027585",-1.06220558720119,0.00682984580308254
"FBgn0033302",-1.40937651499855,3.85607340321962e-12
"FBgn0050359",-1.55094513773753,2.68503917887986e-22
"FBgn0050360",-2.58955749413757,0.000144872028500438
"FBgn0025469",0.643768955762181,0.00247140032763173
"FBgn0002891",0.657307946792192,7.37360076037054e-07
"FBgn0050377",1.15049142270312,7.13748800494843e-06
"FBgn0033128",1.24565644794149,5.53741399253988e-06
"FBgn0003090",-1.46910966861781,1.01262552385537e-21
"FBgn0002930",-1.8437215862136,0.00733982818683536
"FBgn0039896",-3.0484908092559,1.52654789187192e-24
"FBgn0039897",-2.96822888832975,3.45822873995694e-61
"FBgn0051999",-2.39358008970772,8.1024266557967e-46
"FBgn0039938",1.12431519865806,4.81559266687025e-10
"FBgn0010473",-2.95112811338463,4.18534681231972e-63
"FBgn0010453",1.76074736966659,3.02936073914505e-29
"FBgn0052525",-0.842233815986899,0.00137674684461658
"FBgn0052520",-0.927086789712992,2.3154381948924e-07
"FBgn0036101",-0.675414474539956,1.22534018897653e-05
"FBgn0011862",-0.879437684247874,6.88841671460563e-05
"FBgn0016034",0.806123267900726,3.38523847792634e-07
"FBgn0031835",-1.12242306246839,1.82145280357262e-10
"FBgn0037153",-3.1680232254724,6.38822696021248e-114
"FBgn0053170",0.771667023472633,1.97788016896898e-10
"FBgn0035802",-1.28566108306057,6.22954041275985e-27
"FBgn0032001",1.07125297499323,7.73644748158981e-12
"FBgn0039114",1.15938728000818,6.59299786047483e-06
"FBgn0039543",0.604420340339275,0.000607516402445365
"FBgn0031644",-1.32993204374178,0.00135196323944058
"FBgn0031690",-1.37861403324188,4.78644095915728e-05
"FBgn0041150",-2.95508950709357,7.06141044060074e-99
"FBgn0053508",1.36413395301849,0.00574343455735765
"FBgn0010263",-0.780695369271494,3.76168505882375e-05
"FBgn0031689",-1.67591430932529,2.25234104435488e-26
"FBgn0040726",-0.975154011419156,3.41817444780496e-05
"FBgn0004102",-2.26286267406104,3.33031594030815e-11
"FBgn0039914",0.735591282758535,2.91920802036081e-05
"FBgn0005677",-0.797798212705416,0.00689688848308407
"FBgn0010226",-0.68348205216197,1.07470303401987e-05
"FBgn0032666",-0.589750292306045,1.26031583702539e-05
"FBgn0015777",-0.809495401963669,7.32412906168909e-07
"FBgn0015609",-2.40718689500234,1.83125552903978e-22
"FBgn0051221",-1.11827469960954,4.89695395475404e-06
"FBgn0052843",-0.783050532874706,1.01199783895919e-05
"FBgn0014163",-0.604627903651118,2.36691948078929e-05
"FBgn0063923",-0.737729072345572,1.35462160122865e-07
"FBgn0053926",1.55791253573289,4.03150004493433e-25
"FBgn0083068",0.704985720361513,0.00723943702975875
"FBgn0035426",3.90572204719475,5.70165354606547e-30
"FBgn0031995",0.813520959895664,4.9264064523368e-05
"FBgn0033453",0.731103899220134,2.89174951904139e-07
"FBgn0000406",-2.33897177385781,2.89937529057807e-15
"FBgn0000276",0.615568384040801,0.000115528655079427
"FBgn0001091",0.609570452400921,6.28140541880899e-06
"FBgn0053460",-0.758223319126497,2.70332773331823e-05
"FBgn0032151",1.95110145633338,9.8398600164972e-28
"FBgn0031762",-1.27795422061293,2.84628365927905e-05
"FBgn0037046",0.915947429876712,0.00026208840295143
"FBgn0034139",1.88869862387383,3.63779743315036e-05
"FBgn0053798",-2.60159698880327,0.000161803112667268
"FBgn0058160",-2.5661675752343,6.11779729359204e-07
"FBgn0040045",-1.66264822101243,0.00115114888377152
"FBgn0083968",-0.830296887305846,3.95068175439707e-07
"FBgn0083972",-0.672687684881907,2.19536921151059e-10
"FBgn0058470",-2.96944203249703,2.97503389889392e-09
"FBgn0085223",1.98464076282128,9.13787323146603e-05
"FBgn0085249",0.883632375915662,2.24267208897778e-06
"FBgn0085382",-1.12256899668797,0.00129346557086337
"FBgn0085384",-0.696636407944976,6.58326990110265e-06
"FBgn0085397",-0.675244667587825,4.71178416147857e-06
"FBgn0085400",-2.48769577903417,2.444197066952e-34
"FBgn0085421",0.615690799506852,0.000709260364501698
"FBgn0085427",-2.82645752955622,4.88846058363839e-72
"FBgn0085446",-0.65740278796628,2.37479965237646e-06
"FBgn0085465",-5.10701005794311,1.93851462433237e-21
"FBgn0085466",-4.85331191558591,2.12909663922804e-58
"FBgn0085786",-2.00251996961704,2.66597565177937e-06
"FBgn0086074",-0.90600113305562,3.05642482845764e-07
"FBgn0086358",0.670537792282122,9.71892268578994e-11
"FBgn0086443",-0.640783700007226,1.93587496271056e-12
"FBgn0086604",-1.53246257708167,0.00733982818683536
"FBgn0086661",1.14780172662015,1.44700056983713e-10
"FBgn0086667",-0.637583772946446,1.55421265570271e-10
"FBgn0085407",-0.725337943170078,1.10885235334422e-12
"FBgn0086693",0.599198832976474,0.00406974208114694
"FBgn0086711",-0.811554357213941,1.51074412150577e-10
"FBgn0243486",-2.34910139979979,2.72553450326586e-05
"FBgn0243513",0.74143045482045,0.00015305222364922
"FBgn0243514",-1.22703075197828,9.64529672464194e-17
"FBgn0259173",-0.974489644789711,9.89330123471301e-11
"FBgn0259224",-2.05028123303207,8.81972685888939e-67
"FBgn0259233",0.616065500217442,0.00159257822066399
"FBgn0259714",-0.730483520362668,6.8954434552671e-12
"FBgn0259715",-2.33360409298933,4.65846054733066e-12
"FBgn0259716",-2.2068298166514,0.000480349284193349
"FBgn0259740",-0.672840728790678,1.14733124670683e-05
"FBgn0259851",-23.0104945712579,3.44889529377456e-05
"FBgn0259869",-24.1328869129196,1.22534018897653e-05
"FBgn0259994",3.10127514875944,3.24599422569381e-39
"FBgn0260745",-0.684470159164877,1.1295002658629e-10
"FBgn0260768",-0.754207784197475,1.41744672627796e-06
"FBgn0260817",1.01483454943416,8.0943774393313e-06
"FBgn0260855",0.601151131167068,4.47058045115213e-05
"FBgn0260962",-0.817065022899285,6.97398872631286e-12
"FBgn0261041",0.634380415098968,3.32313159690416e-05
"FBgn0261053",-0.764656697849488,2.35314765888517e-06
"FBgn0261089",-2.22448012265102,6.68161367087867e-09
"FBgn0261341",-1.11138767574197,0.000961157089358574
"FBgn0261446",0.851075442320351,0.000989923076823927
"FBgn0261586",-3.47785262516858,0.000487865063871728
"FBgn0261588",-1.0736317614766,9.28404281254179e-11
"FBgn0261673",0.647220185491948,4.2103928894438e-11
"FBgn0261705",-1.37818380795792,3.57052059402648e-05
"FBgn0261953",1.23907856021969,0.00140139172562388
"FBgn0262112",0.618790462717088,3.34839328423133e-05
"FBgn0262169",0.715558931436985,1.27903024299488e-06
"FBgn0262352",1.58714310026125,0.00324711237116385
"FBgn0262509",-1.06202607732433,0.000278939957929453
"FBgn0262570",1.12776474028828,5.54203182943533e-06
"FBgn0262587",-2.2255377133264,1.98880277055034e-05
"FBgn0262588",-2.68320589787481,0.00304198318629499
"FBgn0262808",-1.63842362139482,9.1594358067018e-05
"FBgn0262945",-0.701965428855148,7.65093373656642e-06
"FBgn0262983",-2.39654199124523,9.10896206634214e-08
"FBgn0262986",-4.90896749786611,0.000679948855249722
"FBgn0263220",0.931660483003474,2.39675415997742e-05
"FBgn0263258",-0.643403637618833,6.38919204349701e-05
"FBgn0263400",-2.33075609107241,1.23747588279852e-12
"FBgn0263464",-1.19428859888757,0.00377032588386009
"FBgn0034724",-1.31604174256214,4.41585442704491e-10
"FBgn0034796",1.13162255507269,3.47191954888038e-14
"FBgn0034756",1.83753539351614,1.55439750801605e-05
"FBgn0034850",1.16994617370934,0.00466988602962966
"FBgn0034870",-2.4041823614883,2.88302560266557e-07
"FBgn0034970",0.58922752681929,0.000605849791987489
"FBgn0028552",0.599686777603992,0.000828767004992305
"FBgn0034909",0.663465031563035,0.000882418779970396
"FBgn0034988",0.716822615183919,4.41551942389257e-08
"FBgn0005636",0.66981736105307,1.38556179445877e-13
"FBgn0010435",-0.920082030409848,0.000379677409580424
"FBgn0052476",0.925262522229889,0.000191405113018932
"FBgn0024806",0.752988925831862,1.02842788347648e-06
"FBgn0035143",0.945287710927889,1.71635481910101e-07
"FBgn0035131",0.870226918949696,0.00627709307444494
"FBgn0035169",0.607628505858062,0.00475650688779843
"FBgn0035160",0.917436725280257,0.000438429340490478
"FBgn0263490",-0.970408480022421,2.60194337347632e-23
"FBgn0263705",-2.22054171445175,2.7608867219127e-16
"FBgn0263776",-1.08153840283175,0.00416514051475562
"FBgn0264085",-2.23612917351616,0.000387819833143785
"FBgn0264266",2.50027241548884,0.00114774922643826
"FBgn0264272",-0.880094310223737,1.73701423339475e-07
"FBgn0264273",-1.20084392906276,3.1376775342898e-05
"FBgn0264310",1.69179644186495,1.08620883678664e-21
"FBgn0264343",-1.83861291920169,1.53876869895073e-06
"FBgn0264569",-2.86156870694782,1.87239911480787e-08
"FBgn0264699",-1.2163450297408,0.000709260364501698
"FBgn0264753",-0.758438378678427,9.63512786680087e-11
"FBgn0264776",-1.07123074998782,1.30990016553756e-11
"FBgn0264816",0.639067149851282,0.00293115924317423
"FBgn0264867",1.48518407080335,1.47089766793516e-05
"FBgn0264904",-1.0015638033738,0.00406603880090474
"FBgn0264956",1.39224811635788,9.17078814930743e-06
"FBgn0264958",1.86507566725494,7.40570753712859e-12
"FBgn0264979",-0.615840794995421,8.8462878538235e-08
"FBgn0264987",-1.06563653746678,1.25303272265982e-09
"FBgn0265160",-5.41392357829495,4.30693743773694e-07
"FBgn0265180",2.27079724221896,1.71861913297933e-08
"FBgn0265191",2.0684166618718,1.98085543568824e-10
"FBgn0265301",2.24535235004912,8.66722103037817e-18
"FBgn0265362",0.745071174701068,0.00654840150554241
"FBgn0265372",-1.12370441174458,0.00011328623707508
"FBgn0265497",1.44781671351416,2.21630142177029e-14
"FBgn0265525",-0.624381323480827,1.7223669953511e-05
"FBgn0265598",-0.640799530759154,5.90723793360534e-05
"FBgn0265717",-3.58411679918323,4.22663621059475e-17
"FBgn0265767",1.49585370915854,3.95068175439707e-07
"FBgn0265822",-1.00385429723863,2.24728926348082e-06
"FBgn0265912",1.64551587338315,2.36648820059009e-07
"FBgn0265977",-0.639209921713165,0.00571327651301044
"FBgn0266100",-1.21624706055113,0.00527635323781252
"FBgn0266417",0.735589337376114,4.25038191470001e-06
"FBgn0266577",-2.63764693100819,0.000858001177906634
"FBgn0266643",1.21942931365895,0.00408847400796943
"FBgn0266651",-1.79834447475062,0.00299095192300583
"FBgn0266778",0.954424540610783,0.000480349284193349
"FBgn0266801",-0.78562928438422,3.12047138351583e-12
"FBgn0266818",-3.16896880895092,5.66702594954275e-20
"FBgn0266869",-2.11784672202265,5.15949009886244e-06
"FBgn0266951",1.85587137894834,0.00107891449716928
"FBgn0266973",3.23218534038708,1.55488014921801e-12
"FBgn0267070",-1.88518307489811,0.000599851040039681
"FBgn0267111",-0.969413372656817,8.51716140986291e-07
"FBgn0267177",-1.57849777698976,0.00297502045739417
"FBgn0267270",3.48861466855068,0.000482353833258998
"FBgn0267280",-1.49070461629378,0.00292373050458006
"FBgn0267281",1.57295147849232,5.70147126220088e-08
"FBgn0267284",1.40246044089961,0.00200752908611638
"FBgn0267631",0.766314162828633,0.00212298482015457
"FBgn0267633",-2.4408297146486,9.58642754285969e-06
"FBgn0267734",-2.45252488068466,0.0053426765104486
"FBgn0267772",-4.67030587593883,7.37794125507647e-05
"FBgn0267824",-0.658163947638253,5.39030857339532e-10
"FBgn0267986",1.09420527236279,0.000545648568115141
"FBgn0283437",-2.98644229707336,0.000145036465229384
"FBgn0283531",-0.582892172638061,0.00054938884920027
"FBgn0283545",1.80251670855875,7.96151727857322e-28
"FBgn0284252",0.69740548019964,4.71902664709333e-08
"FBgn0286723",0.789850265395719,0.00470688919035723
"FBgn0286782",-0.599875545945441,0.0060688548899432
"FBgn0287182",0.665618445964241,1.07470303401987e-05
"FBgn0287184",-2.31631202067061,3.07953086659365e-20
"FBgn0287620",-0.719639791167853,4.40400128125316e-10
"FBgn0287831",0.876138157628246,0.000108985330630048
"FBgn0287844",-0.983326913354992,1.7675244478371e-08
"FBgn0288700",2.09128969802319,0.000156531871587686
"FBgn0035216",0.909965583896495,3.06941486183435e-05
"FBgn0035217",1.33064682170102,0.00295143403519366
"FBgn0043865",1.98491981421834,0.00304198318629499
"FBgn0035218",1.49326656709989,6.58326990110265e-06
"FBgn0035263",-1.84424097510279,9.55254790870042e-35
"FBgn0027594",-1.06803314244141,2.69672194388814e-09
"FBgn0035312",-1.35529014132533,2.78658771038646e-15
"FBgn0035348",-0.774889741823855,1.92057150963457e-11
"FBgn0035379",3.16816166571749,2.09033987553089e-06
"FBgn0035445",-1.10649032935474,3.43085516117654e-16
"FBgn0005640",-0.624384464351601,5.51926607146263e-11
"FBgn0035452",1.72649875419806,4.46831059990181e-21
"FBgn0001254",-1.74945545034297,4.13637532526659e-10
"FBgn0035449",-0.611170254307337,0.000172725172408616
"FBgn0026259",-0.930560512436456,1.40234766534346e-25
"FBgn0014388",-0.867973951841577,4.51371793964797e-23
"FBgn0035539",0.595237454199779,0.000876812595276769
"FBgn0035543",1.96910422055559,0.00595730002017049
"FBgn0035578",2.17126684443087,2.25713784828551e-59
"FBgn0040850",-0.941078744548387,0.00356658216027622
"FBgn0001145",-0.807165337600166,0.00101672675880913
"FBgn0030300",-0.602270333502398,4.04208289690102e-07
"FBgn0001083",-1.82685184628996,0.00754751609026802
"FBgn0030340",-1.58189328003552,0.000893041040774817
"FBgn0030373",0.979784171086351,1.61796505963941e-05
"FBgn0052647",0.853973052940401,7.6104056995579e-16
"FBgn0052636",0.929474609311827,8.53970472458352e-09
"FBgn0030510",1.12211182638089,2.31756576924011e-19
"FBgn0011976",-0.608807028974991,0.000140724540611525
"FBgn0011974",-2.77257196058096,0.00633060532764314
"FBgn0011981",1.94238837278035,1.08320087055166e-05
"FBgn0011983",-1.0304363423525,3.23827501605644e-14
"FBgn0011953",-0.666357780340065,3.95068175439707e-07
"FBgn0011977",-0.643789115112354,3.92826020198652e-06
"FBgn0011980",-0.584380284279661,2.08497145366508e-05
"FBgn0030617",-0.951073719273313,0.000192774335989152
"FBgn0010412",-0.967790077962604,4.71706153295792e-13
"FBgn0030839",1.73266023069246,1.60843389005006e-09
"FBgn0010383",-1.89844942662951,3.37825665033906e-05
"FBgn0030927",-1.35683886662872,0.00241889707475769
"FBgn0030964",-0.679757261593897,1.46623239780196e-05
"FBgn0031012",0.922122396789606,1.93854430869434e-05
"FBgn0031018",-0.928679152671604,0.00944858175642576
"FBgn0052533",-0.840943267954519,2.38355708575034e-06
"FBgn0036857",-1.61786405587592,1.78429056591877e-43
"FBgn0036839",-1.35780015917844,1.63427644253263e-09
"FBgn0003997",-0.7904769620174,1.41736654653205e-10
"FBgn0036765",-0.815769549465239,4.38290022860634e-18
"FBgn0036766",-1.51803210850209,0.00540325768976892
"FBgn0052190",0.585830284234938,0.000198101749823072
"FBgn0036697",0.592483995947296,8.311353480647e-07
"FBgn0036698",1.68447246389138,0.00365397836128142
"FBgn0036620",1.489248538185,0.000309502083369404
"FBgn0003388",0.651512863189552,0.000939882684768916
"FBgn0036411",-2.59424362020174,1.01805559412792e-06
"FBgn0029167",-1.29403750031192,9.69311265942785e-07
"FBgn0036391",-1.52678088763716,1.9947860855702e-11
"FBgn0052129",-1.34995432013602,0.000250887688211697
"FBgn0036323",1.24786599439964,2.57146119941618e-06
"FBgn0036324",0.683783390016628,0.00631079232868562
"FBgn0052100",0.600196396848447,0.000434965773544675
"FBgn0036271",0.675951878848966,5.44817575092377e-06
"FBgn0022709",0.851048255719222,4.47768677125131e-12
"FBgn0036260",4.15962960919208,1.03596331496394e-09
"FBgn0028573",-5.25110801166236,1.83223083732283e-59
"FBgn0052091",-0.94468861375056,4.22663621059475e-17
"FBgn0052085",0.856625581721031,0.00130648116455554
"FBgn0036126",1.22595481940022,2.94723302784126e-05
"FBgn0036043",-0.634218889931065,2.34384839951347e-11
"FBgn0036007",-0.593024574161924,3.27964900980232e-09
"FBgn0023129",-0.789503329665224,2.5025351557935e-05
"FBgn0035968",0.792687220494847,1.33207608352541e-05
"FBgn0035923",0.617945536031122,0.00107367861394392
"FBgn0052026",-1.11341830159391,0.000415957678848549
"FBgn0001253",-0.869543797278606,0.00458203007646147
"FBgn0035903",0.639428175015249,0.00569631836835091
"FBgn0052354",-1.32384953580457,1.1505584616383e-13
"FBgn0052359",-0.68400272799033,6.23004024219649e-05
"FBgn0052368",0.882111223249373,3.4675119517445e-12
"FBgn0035699",1.09812118348647,2.9033639605994e-06
"FBgn0001258",0.802286443689462,7.85856888096133e-06
"FBgn0035656",-0.781862140200742,7.36895778548217e-11
"FBgn0035626",-1.21808359315185,1.31661393520015e-18
"FBgn0035608",3.7334332131513,2.63556254423867e-177
"FBgn0052518",-1.04136811471594,4.83415703217792e-15
"FBgn0031157",2.88965634156072,6.91289765227605e-06
"FBgn0031620",0.586743495169909,0.00018028125593485
"FBgn0028482",-1.31650377003014,1.57684615552558e-15
"FBgn0051963",-0.701420436373931,1.58152194273573e-07
"FBgn0014033",-1.69780967908967,3.05208600539532e-05
"FBgn0031561",-1.24708908207243,0.0044873358798333
"FBgn0031513",5.80031060281103,6.61080239799676e-17
"FBgn0031516",-0.69827969898261,1.03596331496394e-09
"FBgn0031505",0.616479734843391,3.2684713727913e-06
"FBgn0031484",0.584583738633421,0.000275479917118556
"FBgn0025109",0.673889438979415,0.00129707374259695
"FBgn0031490",1.37331186178947,2.08473899019795e-22
"FBgn0031492",0.583289741976778,9.12585630872958e-05
"FBgn0031498",0.626030608568217,7.29619231223637e-05
"FBgn0031497",0.788326301327689,2.17885734938822e-09
"FBgn0031496",0.614092516648022,0.000816028886020388
"FBgn0031491",0.886914273730914,3.66692501296706e-10
"FBgn0031489",1.16027405689954,5.24415491791027e-13
"FBgn0031483",0.920235186401037,3.31102155766525e-19
"FBgn0031473",0.843686497764233,4.38107953740711e-08
"FBgn0031449",-0.619330874744663,9.5804278352103e-09
"FBgn0031461",-0.950930494183759,8.81826110941652e-23
"FBgn0031457",-0.591606505117558,1.13568396829234e-06
"FBgn0051944",-0.746084075327176,2.7923150048279e-08
"FBgn0051669",-0.719078040398775,1.62851500597475e-07
"FBgn0051940",-0.596802805968981,5.25187012088137e-05
"FBgn0051939",-0.788461279596953,9.95301512069712e-05
"FBgn0031307",0.722132311865218,4.25038191470001e-06
"FBgn0051658",0.950503679295759,0.000471198811768538
"FBgn0002563",-1.2374127830267,0.00025266594538868
